create_User,2025-06-05T10:22:48.1769121
create_Produs,2025-06-05T10:22:48.2210006
create_Comanda,2025-06-05T10:22:48.2432252
create_UserComanda,2025-06-05T10:22:48.2590668
create_UserComanda,2025-06-05T10:22:48.2713658
create_User,2025-06-05T10:47:20.3005918
create_Produs,2025-06-05T10:47:20.3446952
create_Comanda,2025-06-05T10:47:20.3699127
create_UserComanda,2025-06-05T10:47:20.3861125
create_UserComanda,2025-06-05T10:47:20.399131
create_User,2025-06-05T10:53:53.0523784
create_Produs,2025-06-05T10:53:53.1027366
create_Comanda,2025-06-05T10:53:53.1276466
create_UserComanda,2025-06-05T10:53:53.1433897
create_UserComanda,2025-06-05T10:53:53.1589028
create_ProdusComanda,2025-06-05T10:53:53.1896861
create_User,2025-06-05T10:54:35.8827952
create_Produs,2025-06-05T10:54:35.9298995
create_Comanda,2025-06-05T10:54:35.9525835
create_UserComanda,2025-06-05T10:54:35.9688208
create_UserComanda,2025-06-05T10:54:35.9808736
create_ProdusComanda,2025-06-05T10:54:35.994635
create_ProdusComanda,2025-06-05T10:54:36.0072111
create_Comentariu,2025-06-05T10:54:36.0233048
find_Produs,2025-06-05T10:54:36.0454255
find_Comanda,2025-06-05T10:54:36.062503
